,Truck Type,State,Fuel Type,Cost
132,four_six_axle_monthly,AndraPradesh,Diesel,99.11
133,four_six_axle_monthly,AndraPradesh,Electric,6.5
134,four_six_axle_monthly,AndraPradesh,Petrol,111.22
135,four_six_axle_monthly,Manipur,Diesel,89.06
136,four_six_axle_monthly,Manipur,Electric,6.0
137,four_six_axle_monthly,Manipur,Petrol,97.54
138,four_six_axle_monthly,Bihar,Diesel,94.67
139,four_six_axle_monthly,Bihar,Electric,6.75
140,four_six_axle_monthly,Bihar,Petrol,107.94
141,four_six_axle_monthly,Chandigarh,Diesel,84.26
142,four_six_axle_monthly,Chandigarh,Electric,5.5
143,four_six_axle_monthly,Chandigarh,Petrol,96.2
144,four_six_axle_monthly,Chhattisgarh,Diesel,95.59
145,four_six_axle_monthly,Chhattisgarh,Electric,5.5
146,four_six_axle_monthly,Chhattisgarh,Petrol,102.6
147,four_six_axle_monthly,Chattisgarh,Diesel,92.7
148,four_six_axle_monthly,Chattisgarh,Electric,6.0
149,four_six_axle_monthly,Chattisgarh,Petrol,96.94
150,four_six_axle_monthly,Haryana,Diesel,90.05
151,four_six_axle_monthly,Haryana,Electric,6.25
152,four_six_axle_monthly,Haryana,Petrol,97.2
153,four_six_axle_monthly,HimachalPradesh,Diesel,86.3
154,four_six_axle_monthly,HimachalPradesh,Electric,4.75
155,four_six_axle_monthly,HimachalPradesh,Petrol,97.24
156,four_six_axle_monthly,Jammu&Kashmir,Diesel,85.43
157,four_six_axle_monthly,Jammu&Kashmir,Electric,7.75
158,four_six_axle_monthly,Jammu&Kashmir,Petrol,100.13
159,four_six_axle_monthly,Jharkhand,Diesel,94.73
160,four_six_axle_monthly,Jharkhand,Electric,6.5
161,four_six_axle_monthly,Jharkhand,Petrol,99.92
162,four_six_axle_monthly,Karnataka,Diesel,89.03
163,four_six_axle_monthly,Karnataka,Electric,7.0
164,four_six_axle_monthly,Karnataka,Petrol,102.7
165,four_six_axle_monthly,Telangana,Diesel,97.7
166,four_six_axle_monthly,Telangana,Electric,5.5
167,four_six_axle_monthly,Telangana,Petrol,108.84
168,four_six_axle_monthly,MadhyaPradesh,Diesel,94.56
169,four_six_axle_monthly,MadhyaPradesh,Electric,6.25
170,four_six_axle_monthly,MadhyaPradesh,Petrol,109.36
171,four_six_axle_monthly,Maharastra,Diesel,93.45
172,four_six_axle_monthly,Maharastra,Electric,7.5
173,four_six_axle_monthly,Maharastra,Petrol,106.87
174,four_six_axle_monthly,Mizoram,Diesel,82.18
175,four_six_axle_monthly,Mizoram,Electric,5.25
176,four_six_axle_monthly,Mizoram,Petrol,95.73
177,four_six_axle_monthly,Odisha,Diesel,95.15
178,four_six_axle_monthly,Odisha,Electric,6.25
179,four_six_axle_monthly,Odisha,Petrol,103.59
180,four_six_axle_monthly,Punjab,Diesel,87.79
181,four_six_axle_monthly,Punjab,Electric,5.75
182,four_six_axle_monthly,Punjab,Petrol,97.44
183,four_six_axle_monthly,Rajasthan,Diesel,94.55
184,four_six_axle_monthly,Rajasthan,Electric,6.5
185,four_six_axle_monthly,Rajasthan,Petrol,109.4
186,four_six_axle_monthly,TamilNadu,Diesel,95.17
187,four_six_axle_monthly,TamilNadu,Electric,5.75
188,four_six_axle_monthly,TamilNadu,Petrol,103.56
189,four_six_axle_monthly,UttarPradesh,Diesel,90.13
190,four_six_axle_monthly,UttarPradesh,Electric,6.5
191,four_six_axle_monthly,UttarPradesh,Petrol,96.99
192,four_six_axle_monthly,Uttarakhand,Diesel,89.94
193,four_six_axle_monthly,Uttarakhand,Electric,5.5
194,four_six_axle_monthly,Uttarakhand,Petrol,94.86
195,four_six_axle_monthly,WestBengal,Diesel,92.75
196,four_six_axle_monthly,WestBengal,Electric,7.0
197,four_six_axle_monthly,WestBengal,Petrol,106.01
198,four_six_axle_multi,AndraPradesh,Diesel,99.11
199,four_six_axle_multi,AndraPradesh,Electric,6.5
200,four_six_axle_multi,AndraPradesh,Petrol,111.22
201,four_six_axle_multi,Manipur,Diesel,89.06
202,four_six_axle_multi,Manipur,Electric,6.0
203,four_six_axle_multi,Manipur,Petrol,97.54
204,four_six_axle_multi,Bihar,Diesel,94.67
205,four_six_axle_multi,Bihar,Electric,6.75
206,four_six_axle_multi,Bihar,Petrol,107.94
207,four_six_axle_multi,Chandigarh,Diesel,84.26
208,four_six_axle_multi,Chandigarh,Electric,5.5
209,four_six_axle_multi,Chandigarh,Petrol,96.2
210,four_six_axle_multi,Chhattisgarh,Diesel,95.59
211,four_six_axle_multi,Chhattisgarh,Electric,5.5
212,four_six_axle_multi,Chhattisgarh,Petrol,102.6
213,four_six_axle_multi,Chattisgarh,Diesel,92.7
214,four_six_axle_multi,Chattisgarh,Electric,6.0
215,four_six_axle_multi,Chattisgarh,Petrol,96.94
216,four_six_axle_multi,Haryana,Diesel,90.05
217,four_six_axle_multi,Haryana,Electric,6.25
218,four_six_axle_multi,Haryana,Petrol,97.2
219,four_six_axle_multi,HimachalPradesh,Diesel,86.3
220,four_six_axle_multi,HimachalPradesh,Electric,4.75
221,four_six_axle_multi,HimachalPradesh,Petrol,97.24
222,four_six_axle_multi,Jammu&Kashmir,Diesel,85.43
223,four_six_axle_multi,Jammu&Kashmir,Electric,7.75
224,four_six_axle_multi,Jammu&Kashmir,Petrol,100.13
225,four_six_axle_multi,Jharkhand,Diesel,94.73
226,four_six_axle_multi,Jharkhand,Electric,6.5
227,four_six_axle_multi,Jharkhand,Petrol,99.92
228,four_six_axle_multi,Karnataka,Diesel,89.03
229,four_six_axle_multi,Karnataka,Electric,7.0
230,four_six_axle_multi,Karnataka,Petrol,102.7
231,four_six_axle_multi,Telangana,Diesel,97.7
232,four_six_axle_multi,Telangana,Electric,5.5
233,four_six_axle_multi,Telangana,Petrol,108.84
234,four_six_axle_multi,MadhyaPradesh,Diesel,94.56
235,four_six_axle_multi,MadhyaPradesh,Electric,6.25
236,four_six_axle_multi,MadhyaPradesh,Petrol,109.36
237,four_six_axle_multi,Maharastra,Diesel,93.45
238,four_six_axle_multi,Maharastra,Electric,7.5
239,four_six_axle_multi,Maharastra,Petrol,106.87
240,four_six_axle_multi,Mizoram,Diesel,82.18
241,four_six_axle_multi,Mizoram,Electric,5.25
242,four_six_axle_multi,Mizoram,Petrol,95.73
243,four_six_axle_multi,Odisha,Diesel,95.15
244,four_six_axle_multi,Odisha,Electric,6.25
245,four_six_axle_multi,Odisha,Petrol,103.59
246,four_six_axle_multi,Punjab,Diesel,87.79
247,four_six_axle_multi,Punjab,Electric,5.75
248,four_six_axle_multi,Punjab,Petrol,97.44
249,four_six_axle_multi,Rajasthan,Diesel,94.55
250,four_six_axle_multi,Rajasthan,Electric,6.5
251,four_six_axle_multi,Rajasthan,Petrol,109.4
252,four_six_axle_multi,TamilNadu,Diesel,95.17
253,four_six_axle_multi,TamilNadu,Electric,5.75
254,four_six_axle_multi,TamilNadu,Petrol,103.56
255,four_six_axle_multi,UttarPradesh,Diesel,90.13
256,four_six_axle_multi,UttarPradesh,Electric,6.5
257,four_six_axle_multi,UttarPradesh,Petrol,96.99
258,four_six_axle_multi,Uttarakhand,Diesel,89.94
259,four_six_axle_multi,Uttarakhand,Electric,5.5
260,four_six_axle_multi,Uttarakhand,Petrol,94.86
261,four_six_axle_multi,WestBengal,Diesel,92.75
262,four_six_axle_multi,WestBengal,Electric,7.0
263,four_six_axle_multi,WestBengal,Petrol,106.01
264,four_six_axle_single,AndraPradesh,Diesel,99.11
265,four_six_axle_single,AndraPradesh,Electric,6.5
266,four_six_axle_single,AndraPradesh,Petrol,111.22
267,four_six_axle_single,Manipur,Diesel,89.06
268,four_six_axle_single,Manipur,Electric,6.0
269,four_six_axle_single,Manipur,Petrol,97.54
270,four_six_axle_single,Bihar,Diesel,94.67
271,four_six_axle_single,Bihar,Electric,6.75
272,four_six_axle_single,Bihar,Petrol,107.94
273,four_six_axle_single,Chandigarh,Diesel,84.26
274,four_six_axle_single,Chandigarh,Electric,5.5
275,four_six_axle_single,Chandigarh,Petrol,96.2
276,four_six_axle_single,Chhattisgarh,Diesel,95.59
277,four_six_axle_single,Chhattisgarh,Electric,5.5
278,four_six_axle_single,Chhattisgarh,Petrol,102.6
279,four_six_axle_single,Chattisgarh,Diesel,92.7
280,four_six_axle_single,Chattisgarh,Electric,6.0
281,four_six_axle_single,Chattisgarh,Petrol,96.94
282,four_six_axle_single,Haryana,Diesel,90.05
283,four_six_axle_single,Haryana,Electric,6.25
284,four_six_axle_single,Haryana,Petrol,97.2
285,four_six_axle_single,HimachalPradesh,Diesel,86.3
286,four_six_axle_single,HimachalPradesh,Electric,4.75
287,four_six_axle_single,HimachalPradesh,Petrol,97.24
288,four_six_axle_single,Jammu&Kashmir,Diesel,85.43
289,four_six_axle_single,Jammu&Kashmir,Electric,7.75
290,four_six_axle_single,Jammu&Kashmir,Petrol,100.13
291,four_six_axle_single,Jharkhand,Diesel,94.73
292,four_six_axle_single,Jharkhand,Electric,6.5
293,four_six_axle_single,Jharkhand,Petrol,99.92
294,four_six_axle_single,Karnataka,Diesel,89.03
295,four_six_axle_single,Karnataka,Electric,7.0
296,four_six_axle_single,Karnataka,Petrol,102.7
297,four_six_axle_single,Telangana,Diesel,97.7
298,four_six_axle_single,Telangana,Electric,5.5
299,four_six_axle_single,Telangana,Petrol,108.84
300,four_six_axle_single,MadhyaPradesh,Diesel,94.56
301,four_six_axle_single,MadhyaPradesh,Electric,6.25
302,four_six_axle_single,MadhyaPradesh,Petrol,109.36
303,four_six_axle_single,Maharastra,Diesel,93.45
304,four_six_axle_single,Maharastra,Electric,7.5
305,four_six_axle_single,Maharastra,Petrol,106.87
306,four_six_axle_single,Mizoram,Diesel,82.18
307,four_six_axle_single,Mizoram,Electric,5.25
308,four_six_axle_single,Mizoram,Petrol,95.73
309,four_six_axle_single,Odisha,Diesel,95.15
310,four_six_axle_single,Odisha,Electric,6.25
311,four_six_axle_single,Odisha,Petrol,103.59
312,four_six_axle_single,Punjab,Diesel,87.79
313,four_six_axle_single,Punjab,Electric,5.75
314,four_six_axle_single,Punjab,Petrol,97.44
315,four_six_axle_single,Rajasthan,Diesel,94.55
316,four_six_axle_single,Rajasthan,Electric,6.5
317,four_six_axle_single,Rajasthan,Petrol,109.4
318,four_six_axle_single,TamilNadu,Diesel,95.17
319,four_six_axle_single,TamilNadu,Electric,5.75
320,four_six_axle_single,TamilNadu,Petrol,103.56
321,four_six_axle_single,UttarPradesh,Diesel,90.13
322,four_six_axle_single,UttarPradesh,Electric,6.5
323,four_six_axle_single,UttarPradesh,Petrol,96.99
324,four_six_axle_single,Uttarakhand,Diesel,89.94
325,four_six_axle_single,Uttarakhand,Electric,5.5
326,four_six_axle_single,Uttarakhand,Petrol,94.86
327,four_six_axle_single,WestBengal,Diesel,92.75
328,four_six_axle_single,WestBengal,Electric,7.0
329,four_six_axle_single,WestBengal,Petrol,106.01
330,hcm_monthly,AndraPradesh,Diesel,99.11
331,hcm_monthly,AndraPradesh,Electric,6.5
332,hcm_monthly,AndraPradesh,Petrol,111.22
333,hcm_monthly,Manipur,Diesel,89.06
334,hcm_monthly,Manipur,Electric,6.0
335,hcm_monthly,Manipur,Petrol,97.54
336,hcm_monthly,Bihar,Diesel,94.67
337,hcm_monthly,Bihar,Electric,6.75
338,hcm_monthly,Bihar,Petrol,107.94
339,hcm_monthly,Chandigarh,Diesel,84.26
340,hcm_monthly,Chandigarh,Electric,5.5
341,hcm_monthly,Chandigarh,Petrol,96.2
342,hcm_monthly,Chhattisgarh,Diesel,95.59
343,hcm_monthly,Chhattisgarh,Electric,5.5
344,hcm_monthly,Chhattisgarh,Petrol,102.6
345,hcm_monthly,Chattisgarh,Diesel,92.7
346,hcm_monthly,Chattisgarh,Electric,6.0
347,hcm_monthly,Chattisgarh,Petrol,96.94
348,hcm_monthly,Haryana,Diesel,90.05
349,hcm_monthly,Haryana,Electric,6.25
350,hcm_monthly,Haryana,Petrol,97.2
351,hcm_monthly,HimachalPradesh,Diesel,86.3
352,hcm_monthly,HimachalPradesh,Electric,4.75
353,hcm_monthly,HimachalPradesh,Petrol,97.24
354,hcm_monthly,Jammu&Kashmir,Diesel,85.43
355,hcm_monthly,Jammu&Kashmir,Electric,7.75
356,hcm_monthly,Jammu&Kashmir,Petrol,100.13
357,hcm_monthly,Jharkhand,Diesel,94.73
358,hcm_monthly,Jharkhand,Electric,6.5
359,hcm_monthly,Jharkhand,Petrol,99.92
360,hcm_monthly,Karnataka,Diesel,89.03
361,hcm_monthly,Karnataka,Electric,7.0
362,hcm_monthly,Karnataka,Petrol,102.7
363,hcm_monthly,Telangana,Diesel,97.7
364,hcm_monthly,Telangana,Electric,5.5
365,hcm_monthly,Telangana,Petrol,108.84
366,hcm_monthly,MadhyaPradesh,Diesel,94.56
367,hcm_monthly,MadhyaPradesh,Electric,6.25
368,hcm_monthly,MadhyaPradesh,Petrol,109.36
369,hcm_monthly,Maharastra,Diesel,93.45
370,hcm_monthly,Maharastra,Electric,7.5
371,hcm_monthly,Maharastra,Petrol,106.87
372,hcm_monthly,Mizoram,Diesel,82.18
373,hcm_monthly,Mizoram,Electric,5.25
374,hcm_monthly,Mizoram,Petrol,95.73
375,hcm_monthly,Odisha,Diesel,95.15
376,hcm_monthly,Odisha,Electric,6.25
377,hcm_monthly,Odisha,Petrol,103.59
378,hcm_monthly,Punjab,Diesel,87.79
379,hcm_monthly,Punjab,Electric,5.75
380,hcm_monthly,Punjab,Petrol,97.44
381,hcm_monthly,Rajasthan,Diesel,94.55
382,hcm_monthly,Rajasthan,Electric,6.5
383,hcm_monthly,Rajasthan,Petrol,109.4
384,hcm_monthly,TamilNadu,Diesel,95.17
385,hcm_monthly,TamilNadu,Electric,5.75
386,hcm_monthly,TamilNadu,Petrol,103.56
387,hcm_monthly,UttarPradesh,Diesel,90.13
388,hcm_monthly,UttarPradesh,Electric,6.5
389,hcm_monthly,UttarPradesh,Petrol,96.99
390,hcm_monthly,Uttarakhand,Diesel,89.94
391,hcm_monthly,Uttarakhand,Electric,5.5
392,hcm_monthly,Uttarakhand,Petrol,94.86
393,hcm_monthly,WestBengal,Diesel,92.75
394,hcm_monthly,WestBengal,Electric,7.0
395,hcm_monthly,WestBengal,Petrol,106.01
396,hcm_multi,AndraPradesh,Diesel,99.11
397,hcm_multi,AndraPradesh,Electric,6.5
398,hcm_multi,AndraPradesh,Petrol,111.22
399,hcm_multi,Manipur,Diesel,89.06
400,hcm_multi,Manipur,Electric,6.0
401,hcm_multi,Manipur,Petrol,97.54
402,hcm_multi,Bihar,Diesel,94.67
403,hcm_multi,Bihar,Electric,6.75
404,hcm_multi,Bihar,Petrol,107.94
405,hcm_multi,Chandigarh,Diesel,84.26
406,hcm_multi,Chandigarh,Electric,5.5
407,hcm_multi,Chandigarh,Petrol,96.2
408,hcm_multi,Chhattisgarh,Diesel,95.59
409,hcm_multi,Chhattisgarh,Electric,5.5
410,hcm_multi,Chhattisgarh,Petrol,102.6
411,hcm_multi,Chattisgarh,Diesel,92.7
412,hcm_multi,Chattisgarh,Electric,6.0
413,hcm_multi,Chattisgarh,Petrol,96.94
414,hcm_multi,Haryana,Diesel,90.05
415,hcm_multi,Haryana,Electric,6.25
416,hcm_multi,Haryana,Petrol,97.2
417,hcm_multi,HimachalPradesh,Diesel,86.3
418,hcm_multi,HimachalPradesh,Electric,4.75
419,hcm_multi,HimachalPradesh,Petrol,97.24
420,hcm_multi,Jammu&Kashmir,Diesel,85.43
421,hcm_multi,Jammu&Kashmir,Electric,7.75
422,hcm_multi,Jammu&Kashmir,Petrol,100.13
423,hcm_multi,Jharkhand,Diesel,94.73
424,hcm_multi,Jharkhand,Electric,6.5
425,hcm_multi,Jharkhand,Petrol,99.92
426,hcm_multi,Karnataka,Diesel,89.03
427,hcm_multi,Karnataka,Electric,7.0
428,hcm_multi,Karnataka,Petrol,102.7
429,hcm_multi,Telangana,Diesel,97.7
430,hcm_multi,Telangana,Electric,5.5
431,hcm_multi,Telangana,Petrol,108.84
432,hcm_multi,MadhyaPradesh,Diesel,94.56
433,hcm_multi,MadhyaPradesh,Electric,6.25
434,hcm_multi,MadhyaPradesh,Petrol,109.36
435,hcm_multi,Maharastra,Diesel,93.45
436,hcm_multi,Maharastra,Electric,7.5
437,hcm_multi,Maharastra,Petrol,106.87
438,hcm_multi,Mizoram,Diesel,82.18
439,hcm_multi,Mizoram,Electric,5.25
440,hcm_multi,Mizoram,Petrol,95.73
441,hcm_multi,Odisha,Diesel,95.15
442,hcm_multi,Odisha,Electric,6.25
443,hcm_multi,Odisha,Petrol,103.59
444,hcm_multi,Punjab,Diesel,87.79
445,hcm_multi,Punjab,Electric,5.75
446,hcm_multi,Punjab,Petrol,97.44
447,hcm_multi,Rajasthan,Diesel,94.55
448,hcm_multi,Rajasthan,Electric,6.5
449,hcm_multi,Rajasthan,Petrol,109.4
450,hcm_multi,TamilNadu,Diesel,95.17
451,hcm_multi,TamilNadu,Electric,5.75
452,hcm_multi,TamilNadu,Petrol,103.56
453,hcm_multi,UttarPradesh,Diesel,90.13
454,hcm_multi,UttarPradesh,Electric,6.5
455,hcm_multi,UttarPradesh,Petrol,96.99
456,hcm_multi,Uttarakhand,Diesel,89.94
457,hcm_multi,Uttarakhand,Electric,5.5
458,hcm_multi,Uttarakhand,Petrol,94.86
459,hcm_multi,WestBengal,Diesel,92.75
460,hcm_multi,WestBengal,Electric,7.0
461,hcm_multi,WestBengal,Petrol,106.01
462,hcm_single,AndraPradesh,Diesel,99.11
463,hcm_single,AndraPradesh,Electric,6.5
464,hcm_single,AndraPradesh,Petrol,111.22
465,hcm_single,Manipur,Diesel,89.06
466,hcm_single,Manipur,Electric,6.0
467,hcm_single,Manipur,Petrol,97.54
468,hcm_single,Bihar,Diesel,94.67
469,hcm_single,Bihar,Electric,6.75
470,hcm_single,Bihar,Petrol,107.94
471,hcm_single,Chandigarh,Diesel,84.26
472,hcm_single,Chandigarh,Electric,5.5
473,hcm_single,Chandigarh,Petrol,96.2
474,hcm_single,Chhattisgarh,Diesel,95.59
475,hcm_single,Chhattisgarh,Electric,5.5
476,hcm_single,Chhattisgarh,Petrol,102.6
477,hcm_single,Chattisgarh,Diesel,92.7
478,hcm_single,Chattisgarh,Electric,6.0
479,hcm_single,Chattisgarh,Petrol,96.94
480,hcm_single,Haryana,Diesel,90.05
481,hcm_single,Haryana,Electric,6.25
482,hcm_single,Haryana,Petrol,97.2
483,hcm_single,HimachalPradesh,Diesel,86.3
484,hcm_single,HimachalPradesh,Electric,4.75
485,hcm_single,HimachalPradesh,Petrol,97.24
486,hcm_single,Jammu&Kashmir,Diesel,85.43
487,hcm_single,Jammu&Kashmir,Electric,7.75
488,hcm_single,Jammu&Kashmir,Petrol,100.13
489,hcm_single,Jharkhand,Diesel,94.73
490,hcm_single,Jharkhand,Electric,6.5
491,hcm_single,Jharkhand,Petrol,99.92
492,hcm_single,Karnataka,Diesel,89.03
493,hcm_single,Karnataka,Electric,7.0
494,hcm_single,Karnataka,Petrol,102.7
495,hcm_single,Telangana,Diesel,97.7
496,hcm_single,Telangana,Electric,5.5
497,hcm_single,Telangana,Petrol,108.84
498,hcm_single,MadhyaPradesh,Diesel,94.56
499,hcm_single,MadhyaPradesh,Electric,6.25
500,hcm_single,MadhyaPradesh,Petrol,109.36
501,hcm_single,Maharastra,Diesel,93.45
502,hcm_single,Maharastra,Electric,7.5
503,hcm_single,Maharastra,Petrol,106.87
504,hcm_single,Mizoram,Diesel,82.18
505,hcm_single,Mizoram,Electric,5.25
506,hcm_single,Mizoram,Petrol,95.73
507,hcm_single,Odisha,Diesel,95.15
508,hcm_single,Odisha,Electric,6.25
509,hcm_single,Odisha,Petrol,103.59
510,hcm_single,Punjab,Diesel,87.79
511,hcm_single,Punjab,Electric,5.75
512,hcm_single,Punjab,Petrol,97.44
513,hcm_single,Rajasthan,Diesel,94.55
514,hcm_single,Rajasthan,Electric,6.5
515,hcm_single,Rajasthan,Petrol,109.4
516,hcm_single,TamilNadu,Diesel,95.17
517,hcm_single,TamilNadu,Electric,5.75
518,hcm_single,TamilNadu,Petrol,103.56
519,hcm_single,UttarPradesh,Diesel,90.13
520,hcm_single,UttarPradesh,Electric,6.5
521,hcm_single,UttarPradesh,Petrol,96.99
522,hcm_single,Uttarakhand,Diesel,89.94
523,hcm_single,Uttarakhand,Electric,5.5
524,hcm_single,Uttarakhand,Petrol,94.86
525,hcm_single,WestBengal,Diesel,92.75
526,hcm_single,WestBengal,Electric,7.0
527,hcm_single,WestBengal,Petrol,106.01
528,multiaxle_monthly,AndraPradesh,Diesel,99.11
529,multiaxle_monthly,AndraPradesh,Electric,6.5
530,multiaxle_monthly,AndraPradesh,Petrol,111.22
531,multiaxle_monthly,Manipur,Diesel,89.06
532,multiaxle_monthly,Manipur,Electric,6.0
533,multiaxle_monthly,Manipur,Petrol,97.54
534,multiaxle_monthly,Bihar,Diesel,94.67
535,multiaxle_monthly,Bihar,Electric,6.75
536,multiaxle_monthly,Bihar,Petrol,107.94
537,multiaxle_monthly,Chandigarh,Diesel,84.26
538,multiaxle_monthly,Chandigarh,Electric,5.5
539,multiaxle_monthly,Chandigarh,Petrol,96.2
540,multiaxle_monthly,Chhattisgarh,Diesel,95.59
541,multiaxle_monthly,Chhattisgarh,Electric,5.5
542,multiaxle_monthly,Chhattisgarh,Petrol,102.6
543,multiaxle_monthly,Chattisgarh,Diesel,92.7
544,multiaxle_monthly,Chattisgarh,Electric,6.0
545,multiaxle_monthly,Chattisgarh,Petrol,96.94
546,multiaxle_monthly,Haryana,Diesel,90.05
547,multiaxle_monthly,Haryana,Electric,6.25
548,multiaxle_monthly,Haryana,Petrol,97.2
549,multiaxle_monthly,HimachalPradesh,Diesel,86.3
550,multiaxle_monthly,HimachalPradesh,Electric,4.75
551,multiaxle_monthly,HimachalPradesh,Petrol,97.24
552,multiaxle_monthly,Jammu&Kashmir,Diesel,85.43
553,multiaxle_monthly,Jammu&Kashmir,Electric,7.75
554,multiaxle_monthly,Jammu&Kashmir,Petrol,100.13
555,multiaxle_monthly,Jharkhand,Diesel,94.73
556,multiaxle_monthly,Jharkhand,Electric,6.5
557,multiaxle_monthly,Jharkhand,Petrol,99.92
558,multiaxle_monthly,Karnataka,Diesel,89.03
559,multiaxle_monthly,Karnataka,Electric,7.0
560,multiaxle_monthly,Karnataka,Petrol,102.7
561,multiaxle_monthly,Telangana,Diesel,97.7
562,multiaxle_monthly,Telangana,Electric,5.5
563,multiaxle_monthly,Telangana,Petrol,108.84
564,multiaxle_monthly,MadhyaPradesh,Diesel,94.56
565,multiaxle_monthly,MadhyaPradesh,Electric,6.25
566,multiaxle_monthly,MadhyaPradesh,Petrol,109.36
567,multiaxle_monthly,Maharastra,Diesel,93.45
568,multiaxle_monthly,Maharastra,Electric,7.5
569,multiaxle_monthly,Maharastra,Petrol,106.87
570,multiaxle_monthly,Mizoram,Diesel,82.18
571,multiaxle_monthly,Mizoram,Electric,5.25
572,multiaxle_monthly,Mizoram,Petrol,95.73
573,multiaxle_monthly,Odisha,Diesel,95.15
574,multiaxle_monthly,Odisha,Electric,6.25
575,multiaxle_monthly,Odisha,Petrol,103.59
576,multiaxle_monthly,Punjab,Diesel,87.79
577,multiaxle_monthly,Punjab,Electric,5.75
578,multiaxle_monthly,Punjab,Petrol,97.44
579,multiaxle_monthly,Rajasthan,Diesel,94.55
580,multiaxle_monthly,Rajasthan,Electric,6.5
581,multiaxle_monthly,Rajasthan,Petrol,109.4
582,multiaxle_monthly,TamilNadu,Diesel,95.17
583,multiaxle_monthly,TamilNadu,Electric,5.75
584,multiaxle_monthly,TamilNadu,Petrol,103.56
585,multiaxle_monthly,UttarPradesh,Diesel,90.13
586,multiaxle_monthly,UttarPradesh,Electric,6.5
587,multiaxle_monthly,UttarPradesh,Petrol,96.99
588,multiaxle_monthly,Uttarakhand,Diesel,89.94
589,multiaxle_monthly,Uttarakhand,Electric,5.5
590,multiaxle_monthly,Uttarakhand,Petrol,94.86
591,multiaxle_monthly,WestBengal,Diesel,92.75
592,multiaxle_monthly,WestBengal,Electric,7.0
593,multiaxle_monthly,WestBengal,Petrol,106.01
594,multiaxle_multi,AndraPradesh,Diesel,99.11
595,multiaxle_multi,AndraPradesh,Electric,6.5
596,multiaxle_multi,AndraPradesh,Petrol,111.22
597,multiaxle_multi,Manipur,Diesel,89.06
598,multiaxle_multi,Manipur,Electric,6.0
599,multiaxle_multi,Manipur,Petrol,97.54
600,multiaxle_multi,Bihar,Diesel,94.67
601,multiaxle_multi,Bihar,Electric,6.75
602,multiaxle_multi,Bihar,Petrol,107.94
603,multiaxle_multi,Chandigarh,Diesel,84.26
604,multiaxle_multi,Chandigarh,Electric,5.5
605,multiaxle_multi,Chandigarh,Petrol,96.2
606,multiaxle_multi,Chhattisgarh,Diesel,95.59
607,multiaxle_multi,Chhattisgarh,Electric,5.5
608,multiaxle_multi,Chhattisgarh,Petrol,102.6
609,multiaxle_multi,Chattisgarh,Diesel,92.7
610,multiaxle_multi,Chattisgarh,Electric,6.0
611,multiaxle_multi,Chattisgarh,Petrol,96.94
612,multiaxle_multi,Haryana,Diesel,90.05
613,multiaxle_multi,Haryana,Electric,6.25
614,multiaxle_multi,Haryana,Petrol,97.2
615,multiaxle_multi,HimachalPradesh,Diesel,86.3
616,multiaxle_multi,HimachalPradesh,Electric,4.75
617,multiaxle_multi,HimachalPradesh,Petrol,97.24
618,multiaxle_multi,Jammu&Kashmir,Diesel,85.43
619,multiaxle_multi,Jammu&Kashmir,Electric,7.75
620,multiaxle_multi,Jammu&Kashmir,Petrol,100.13
621,multiaxle_multi,Jharkhand,Diesel,94.73
622,multiaxle_multi,Jharkhand,Electric,6.5
623,multiaxle_multi,Jharkhand,Petrol,99.92
624,multiaxle_multi,Karnataka,Diesel,89.03
625,multiaxle_multi,Karnataka,Electric,7.0
626,multiaxle_multi,Karnataka,Petrol,102.7
627,multiaxle_multi,Telangana,Diesel,97.7
628,multiaxle_multi,Telangana,Electric,5.5
629,multiaxle_multi,Telangana,Petrol,108.84
630,multiaxle_multi,MadhyaPradesh,Diesel,94.56
631,multiaxle_multi,MadhyaPradesh,Electric,6.25
632,multiaxle_multi,MadhyaPradesh,Petrol,109.36
633,multiaxle_multi,Maharastra,Diesel,93.45
634,multiaxle_multi,Maharastra,Electric,7.5
635,multiaxle_multi,Maharastra,Petrol,106.87
636,multiaxle_multi,Mizoram,Diesel,82.18
637,multiaxle_multi,Mizoram,Electric,5.25
638,multiaxle_multi,Mizoram,Petrol,95.73
639,multiaxle_multi,Odisha,Diesel,95.15
640,multiaxle_multi,Odisha,Electric,6.25
641,multiaxle_multi,Odisha,Petrol,103.59
642,multiaxle_multi,Punjab,Diesel,87.79
643,multiaxle_multi,Punjab,Electric,5.75
644,multiaxle_multi,Punjab,Petrol,97.44
645,multiaxle_multi,Rajasthan,Diesel,94.55
646,multiaxle_multi,Rajasthan,Electric,6.5
647,multiaxle_multi,Rajasthan,Petrol,109.4
648,multiaxle_multi,TamilNadu,Diesel,95.17
649,multiaxle_multi,TamilNadu,Electric,5.75
650,multiaxle_multi,TamilNadu,Petrol,103.56
651,multiaxle_multi,UttarPradesh,Diesel,90.13
652,multiaxle_multi,UttarPradesh,Electric,6.5
653,multiaxle_multi,UttarPradesh,Petrol,96.99
654,multiaxle_multi,Uttarakhand,Diesel,89.94
655,multiaxle_multi,Uttarakhand,Electric,5.5
656,multiaxle_multi,Uttarakhand,Petrol,94.86
657,multiaxle_multi,WestBengal,Diesel,92.75
658,multiaxle_multi,WestBengal,Electric,7.0
659,multiaxle_multi,WestBengal,Petrol,106.01
660,multiaxle_single,AndraPradesh,Diesel,99.11
661,multiaxle_single,AndraPradesh,Electric,6.5
662,multiaxle_single,AndraPradesh,Petrol,111.22
663,multiaxle_single,Manipur,Diesel,89.06
664,multiaxle_single,Manipur,Electric,6.0
665,multiaxle_single,Manipur,Petrol,97.54
666,multiaxle_single,Bihar,Diesel,94.67
667,multiaxle_single,Bihar,Electric,6.75
668,multiaxle_single,Bihar,Petrol,107.94
669,multiaxle_single,Chandigarh,Diesel,84.26
670,multiaxle_single,Chandigarh,Electric,5.5
671,multiaxle_single,Chandigarh,Petrol,96.2
672,multiaxle_single,Chhattisgarh,Diesel,95.59
673,multiaxle_single,Chhattisgarh,Electric,5.5
674,multiaxle_single,Chhattisgarh,Petrol,102.6
675,multiaxle_single,Chattisgarh,Diesel,92.7
676,multiaxle_single,Chattisgarh,Electric,6.0
677,multiaxle_single,Chattisgarh,Petrol,96.94
678,multiaxle_single,Haryana,Diesel,90.05
679,multiaxle_single,Haryana,Electric,6.25
680,multiaxle_single,Haryana,Petrol,97.2
681,multiaxle_single,HimachalPradesh,Diesel,86.3
682,multiaxle_single,HimachalPradesh,Electric,4.75
683,multiaxle_single,HimachalPradesh,Petrol,97.24
684,multiaxle_single,Jammu&Kashmir,Diesel,85.43
685,multiaxle_single,Jammu&Kashmir,Electric,7.75
686,multiaxle_single,Jammu&Kashmir,Petrol,100.13
687,multiaxle_single,Jharkhand,Diesel,94.73
688,multiaxle_single,Jharkhand,Electric,6.5
689,multiaxle_single,Jharkhand,Petrol,99.92
690,multiaxle_single,Karnataka,Diesel,89.03
691,multiaxle_single,Karnataka,Electric,7.0
692,multiaxle_single,Karnataka,Petrol,102.7
693,multiaxle_single,Telangana,Diesel,97.7
694,multiaxle_single,Telangana,Electric,5.5
695,multiaxle_single,Telangana,Petrol,108.84
696,multiaxle_single,MadhyaPradesh,Diesel,94.56
697,multiaxle_single,MadhyaPradesh,Electric,6.25
698,multiaxle_single,MadhyaPradesh,Petrol,109.36
699,multiaxle_single,Maharastra,Diesel,93.45
700,multiaxle_single,Maharastra,Electric,7.5
701,multiaxle_single,Maharastra,Petrol,106.87
702,multiaxle_single,Mizoram,Diesel,82.18
703,multiaxle_single,Mizoram,Electric,5.25
704,multiaxle_single,Mizoram,Petrol,95.73
705,multiaxle_single,Odisha,Diesel,95.15
706,multiaxle_single,Odisha,Electric,6.25
707,multiaxle_single,Odisha,Petrol,103.59
708,multiaxle_single,Punjab,Diesel,87.79
709,multiaxle_single,Punjab,Electric,5.75
710,multiaxle_single,Punjab,Petrol,97.44
711,multiaxle_single,Rajasthan,Diesel,94.55
712,multiaxle_single,Rajasthan,Electric,6.5
713,multiaxle_single,Rajasthan,Petrol,109.4
714,multiaxle_single,TamilNadu,Diesel,95.17
715,multiaxle_single,TamilNadu,Electric,5.75
716,multiaxle_single,TamilNadu,Petrol,103.56
717,multiaxle_single,UttarPradesh,Diesel,90.13
718,multiaxle_single,UttarPradesh,Electric,6.5
719,multiaxle_single,UttarPradesh,Petrol,96.99
720,multiaxle_single,Uttarakhand,Diesel,89.94
721,multiaxle_single,Uttarakhand,Electric,5.5
722,multiaxle_single,Uttarakhand,Petrol,94.86
723,multiaxle_single,WestBengal,Diesel,92.75
724,multiaxle_single,WestBengal,Electric,7.0
725,multiaxle_single,WestBengal,Petrol,106.01
726,seven_plus_axle_monthly,AndraPradesh,Diesel,99.11
727,seven_plus_axle_monthly,AndraPradesh,Electric,6.5
728,seven_plus_axle_monthly,AndraPradesh,Petrol,111.22
729,seven_plus_axle_monthly,Manipur,Diesel,89.06
730,seven_plus_axle_monthly,Manipur,Electric,6.0
731,seven_plus_axle_monthly,Manipur,Petrol,97.54
732,seven_plus_axle_monthly,Bihar,Diesel,94.67
733,seven_plus_axle_monthly,Bihar,Electric,6.75
734,seven_plus_axle_monthly,Bihar,Petrol,107.94
735,seven_plus_axle_monthly,Chandigarh,Diesel,84.26
736,seven_plus_axle_monthly,Chandigarh,Electric,5.5
737,seven_plus_axle_monthly,Chandigarh,Petrol,96.2
738,seven_plus_axle_monthly,Chhattisgarh,Diesel,95.59
739,seven_plus_axle_monthly,Chhattisgarh,Electric,5.5
740,seven_plus_axle_monthly,Chhattisgarh,Petrol,102.6
741,seven_plus_axle_monthly,Chattisgarh,Diesel,92.7
742,seven_plus_axle_monthly,Chattisgarh,Electric,6.0
743,seven_plus_axle_monthly,Chattisgarh,Petrol,96.94
744,seven_plus_axle_monthly,Haryana,Diesel,90.05
745,seven_plus_axle_monthly,Haryana,Electric,6.25
746,seven_plus_axle_monthly,Haryana,Petrol,97.2
747,seven_plus_axle_monthly,HimachalPradesh,Diesel,86.3
748,seven_plus_axle_monthly,HimachalPradesh,Electric,4.75
749,seven_plus_axle_monthly,HimachalPradesh,Petrol,97.24
750,seven_plus_axle_monthly,Jammu&Kashmir,Diesel,85.43
751,seven_plus_axle_monthly,Jammu&Kashmir,Electric,7.75
752,seven_plus_axle_monthly,Jammu&Kashmir,Petrol,100.13
753,seven_plus_axle_monthly,Jharkhand,Diesel,94.73
754,seven_plus_axle_monthly,Jharkhand,Electric,6.5
755,seven_plus_axle_monthly,Jharkhand,Petrol,99.92
756,seven_plus_axle_monthly,Karnataka,Diesel,89.03
757,seven_plus_axle_monthly,Karnataka,Electric,7.0
758,seven_plus_axle_monthly,Karnataka,Petrol,102.7
759,seven_plus_axle_monthly,Telangana,Diesel,97.7
760,seven_plus_axle_monthly,Telangana,Electric,5.5
761,seven_plus_axle_monthly,Telangana,Petrol,108.84
762,seven_plus_axle_monthly,MadhyaPradesh,Diesel,94.56
763,seven_plus_axle_monthly,MadhyaPradesh,Electric,6.25
764,seven_plus_axle_monthly,MadhyaPradesh,Petrol,109.36
765,seven_plus_axle_monthly,Maharastra,Diesel,93.45
766,seven_plus_axle_monthly,Maharastra,Electric,7.5
767,seven_plus_axle_monthly,Maharastra,Petrol,106.87
768,seven_plus_axle_monthly,Mizoram,Diesel,82.18
769,seven_plus_axle_monthly,Mizoram,Electric,5.25
770,seven_plus_axle_monthly,Mizoram,Petrol,95.73
771,seven_plus_axle_monthly,Odisha,Diesel,95.15
772,seven_plus_axle_monthly,Odisha,Electric,6.25
773,seven_plus_axle_monthly,Odisha,Petrol,103.59
774,seven_plus_axle_monthly,Punjab,Diesel,87.79
775,seven_plus_axle_monthly,Punjab,Electric,5.75
776,seven_plus_axle_monthly,Punjab,Petrol,97.44
777,seven_plus_axle_monthly,Rajasthan,Diesel,94.55
778,seven_plus_axle_monthly,Rajasthan,Electric,6.5
779,seven_plus_axle_monthly,Rajasthan,Petrol,109.4
780,seven_plus_axle_monthly,TamilNadu,Diesel,95.17
781,seven_plus_axle_monthly,TamilNadu,Electric,5.75
782,seven_plus_axle_monthly,TamilNadu,Petrol,103.56
783,seven_plus_axle_monthly,UttarPradesh,Diesel,90.13
784,seven_plus_axle_monthly,UttarPradesh,Electric,6.5
785,seven_plus_axle_monthly,UttarPradesh,Petrol,96.99
786,seven_plus_axle_monthly,Uttarakhand,Diesel,89.94
787,seven_plus_axle_monthly,Uttarakhand,Electric,5.5
788,seven_plus_axle_monthly,Uttarakhand,Petrol,94.86
789,seven_plus_axle_monthly,WestBengal,Diesel,92.75
790,seven_plus_axle_monthly,WestBengal,Electric,7.0
791,seven_plus_axle_monthly,WestBengal,Petrol,106.01
792,seven_plus_axle_multi,AndraPradesh,Diesel,99.11
793,seven_plus_axle_multi,AndraPradesh,Electric,6.5
794,seven_plus_axle_multi,AndraPradesh,Petrol,111.22
795,seven_plus_axle_multi,Manipur,Diesel,89.06
796,seven_plus_axle_multi,Manipur,Electric,6.0
797,seven_plus_axle_multi,Manipur,Petrol,97.54
798,seven_plus_axle_multi,Bihar,Diesel,94.67
799,seven_plus_axle_multi,Bihar,Electric,6.75
800,seven_plus_axle_multi,Bihar,Petrol,107.94
801,seven_plus_axle_multi,Chandigarh,Diesel,84.26
802,seven_plus_axle_multi,Chandigarh,Electric,5.5
803,seven_plus_axle_multi,Chandigarh,Petrol,96.2
804,seven_plus_axle_multi,Chhattisgarh,Diesel,95.59
805,seven_plus_axle_multi,Chhattisgarh,Electric,5.5
806,seven_plus_axle_multi,Chhattisgarh,Petrol,102.6
807,seven_plus_axle_multi,Chattisgarh,Diesel,92.7
808,seven_plus_axle_multi,Chattisgarh,Electric,6.0
809,seven_plus_axle_multi,Chattisgarh,Petrol,96.94
810,seven_plus_axle_multi,Haryana,Diesel,90.05
811,seven_plus_axle_multi,Haryana,Electric,6.25
812,seven_plus_axle_multi,Haryana,Petrol,97.2
813,seven_plus_axle_multi,HimachalPradesh,Diesel,86.3
814,seven_plus_axle_multi,HimachalPradesh,Electric,4.75
815,seven_plus_axle_multi,HimachalPradesh,Petrol,97.24
816,seven_plus_axle_multi,Jammu&Kashmir,Diesel,85.43
817,seven_plus_axle_multi,Jammu&Kashmir,Electric,7.75
818,seven_plus_axle_multi,Jammu&Kashmir,Petrol,100.13
819,seven_plus_axle_multi,Jharkhand,Diesel,94.73
820,seven_plus_axle_multi,Jharkhand,Electric,6.5
821,seven_plus_axle_multi,Jharkhand,Petrol,99.92
822,seven_plus_axle_multi,Karnataka,Diesel,89.03
823,seven_plus_axle_multi,Karnataka,Electric,7.0
824,seven_plus_axle_multi,Karnataka,Petrol,102.7
825,seven_plus_axle_multi,Telangana,Diesel,97.7
826,seven_plus_axle_multi,Telangana,Electric,5.5
827,seven_plus_axle_multi,Telangana,Petrol,108.84
828,seven_plus_axle_multi,MadhyaPradesh,Diesel,94.56
829,seven_plus_axle_multi,MadhyaPradesh,Electric,6.25
830,seven_plus_axle_multi,MadhyaPradesh,Petrol,109.36
831,seven_plus_axle_multi,Maharastra,Diesel,93.45
832,seven_plus_axle_multi,Maharastra,Electric,7.5
833,seven_plus_axle_multi,Maharastra,Petrol,106.87
834,seven_plus_axle_multi,Mizoram,Diesel,82.18
835,seven_plus_axle_multi,Mizoram,Electric,5.25
836,seven_plus_axle_multi,Mizoram,Petrol,95.73
837,seven_plus_axle_multi,Odisha,Diesel,95.15
838,seven_plus_axle_multi,Odisha,Electric,6.25
839,seven_plus_axle_multi,Odisha,Petrol,103.59
840,seven_plus_axle_multi,Punjab,Diesel,87.79
841,seven_plus_axle_multi,Punjab,Electric,5.75
842,seven_plus_axle_multi,Punjab,Petrol,97.44
843,seven_plus_axle_multi,Rajasthan,Diesel,94.55
844,seven_plus_axle_multi,Rajasthan,Electric,6.5
845,seven_plus_axle_multi,Rajasthan,Petrol,109.4
846,seven_plus_axle_multi,TamilNadu,Diesel,95.17
847,seven_plus_axle_multi,TamilNadu,Electric,5.75
848,seven_plus_axle_multi,TamilNadu,Petrol,103.56
849,seven_plus_axle_multi,UttarPradesh,Diesel,90.13
850,seven_plus_axle_multi,UttarPradesh,Electric,6.5
851,seven_plus_axle_multi,UttarPradesh,Petrol,96.99
852,seven_plus_axle_multi,Uttarakhand,Diesel,89.94
853,seven_plus_axle_multi,Uttarakhand,Electric,5.5
854,seven_plus_axle_multi,Uttarakhand,Petrol,94.86
855,seven_plus_axle_multi,WestBengal,Diesel,92.75
856,seven_plus_axle_multi,WestBengal,Electric,7.0
857,seven_plus_axle_multi,WestBengal,Petrol,106.01
858,seven_plus_axle_single,AndraPradesh,Diesel,99.11
859,seven_plus_axle_single,AndraPradesh,Electric,6.5
860,seven_plus_axle_single,AndraPradesh,Petrol,111.22
861,seven_plus_axle_single,Manipur,Diesel,89.06
862,seven_plus_axle_single,Manipur,Electric,6.0
863,seven_plus_axle_single,Manipur,Petrol,97.54
864,seven_plus_axle_single,Bihar,Diesel,94.67
865,seven_plus_axle_single,Bihar,Electric,6.75
866,seven_plus_axle_single,Bihar,Petrol,107.94
867,seven_plus_axle_single,Chandigarh,Diesel,84.26
868,seven_plus_axle_single,Chandigarh,Electric,5.5
869,seven_plus_axle_single,Chandigarh,Petrol,96.2
870,seven_plus_axle_single,Chhattisgarh,Diesel,95.59
871,seven_plus_axle_single,Chhattisgarh,Electric,5.5
872,seven_plus_axle_single,Chhattisgarh,Petrol,102.6
873,seven_plus_axle_single,Chattisgarh,Diesel,92.7
874,seven_plus_axle_single,Chattisgarh,Electric,6.0
875,seven_plus_axle_single,Chattisgarh,Petrol,96.94
876,seven_plus_axle_single,Haryana,Diesel,90.05
877,seven_plus_axle_single,Haryana,Electric,6.25
878,seven_plus_axle_single,Haryana,Petrol,97.2
879,seven_plus_axle_single,HimachalPradesh,Diesel,86.3
880,seven_plus_axle_single,HimachalPradesh,Electric,4.75
881,seven_plus_axle_single,HimachalPradesh,Petrol,97.24
882,seven_plus_axle_single,Jammu&Kashmir,Diesel,85.43
883,seven_plus_axle_single,Jammu&Kashmir,Electric,7.75
884,seven_plus_axle_single,Jammu&Kashmir,Petrol,100.13
885,seven_plus_axle_single,Jharkhand,Diesel,94.73
886,seven_plus_axle_single,Jharkhand,Electric,6.5
887,seven_plus_axle_single,Jharkhand,Petrol,99.92
888,seven_plus_axle_single,Karnataka,Diesel,89.03
889,seven_plus_axle_single,Karnataka,Electric,7.0
890,seven_plus_axle_single,Karnataka,Petrol,102.7
891,seven_plus_axle_single,Telangana,Diesel,97.7
892,seven_plus_axle_single,Telangana,Electric,5.5
893,seven_plus_axle_single,Telangana,Petrol,108.84
894,seven_plus_axle_single,MadhyaPradesh,Diesel,94.56
895,seven_plus_axle_single,MadhyaPradesh,Electric,6.25
896,seven_plus_axle_single,MadhyaPradesh,Petrol,109.36
897,seven_plus_axle_single,Maharastra,Diesel,93.45
898,seven_plus_axle_single,Maharastra,Electric,7.5
899,seven_plus_axle_single,Maharastra,Petrol,106.87
900,seven_plus_axle_single,Mizoram,Diesel,82.18
901,seven_plus_axle_single,Mizoram,Electric,5.25
902,seven_plus_axle_single,Mizoram,Petrol,95.73
903,seven_plus_axle_single,Odisha,Diesel,95.15
904,seven_plus_axle_single,Odisha,Electric,6.25
905,seven_plus_axle_single,Odisha,Petrol,103.59
906,seven_plus_axle_single,Punjab,Diesel,87.79
907,seven_plus_axle_single,Punjab,Electric,5.75
908,seven_plus_axle_single,Punjab,Petrol,97.44
909,seven_plus_axle_single,Rajasthan,Diesel,94.55
910,seven_plus_axle_single,Rajasthan,Electric,6.5
911,seven_plus_axle_single,Rajasthan,Petrol,109.4
912,seven_plus_axle_single,TamilNadu,Diesel,95.17
913,seven_plus_axle_single,TamilNadu,Electric,5.75
914,seven_plus_axle_single,TamilNadu,Petrol,103.56
915,seven_plus_axle_single,UttarPradesh,Diesel,90.13
916,seven_plus_axle_single,UttarPradesh,Electric,6.5
917,seven_plus_axle_single,UttarPradesh,Petrol,96.99
918,seven_plus_axle_single,Uttarakhand,Diesel,89.94
919,seven_plus_axle_single,Uttarakhand,Electric,5.5
920,seven_plus_axle_single,Uttarakhand,Petrol,94.86
921,seven_plus_axle_single,WestBengal,Diesel,92.75
922,seven_plus_axle_single,WestBengal,Electric,7.0
923,seven_plus_axle_single,WestBengal,Petrol,106.01
